留言者,留言內容,時間,按讚數,回覆數
王小明,這個帳號的內容很有質感！每張照片都很用心 👍,2025-11-18 10:30,25,3
李小華,很喜歡你的攝影風格，期待更多作品！,2025-11-18 11:15,18,1
張大明,請問這是用什麼相機拍的？畫質超好的,2025-11-18 12:00,12,5
陳小芳,追蹤了！內容都很棒 ❤️,2025-11-18 13:20,8,0
林志明,可以分享一下後製技巧嗎？,2025-11-18 14:45,15,2
Amy_Chen,Great shots! Love your style! 🌟,2025-11-18 15:30,32,4
黃小美,這個地點在哪裡？好美！,2025-11-18 16:10,9,1
吳大勇,構圖很棒，光影處理得很好,2025-11-18 17:25,20,0
劉小婷,已經追蹤很久了，每次都不失望！,2025-11-18 18:40,11,0
John_Lee,Incredible photography skills! Keep it up! 📸,2025-11-18 19:15,28,2
ssh_fan01,你是我最喜歡的攝影師之一,2025-11-19 08:00,14,0
photo_lover,這系列作品太棒了！,2025-11-19 09:30,16,1
design_master,配色和構圖都很專業,2025-11-19 10:15,19,0
travel_girl,這個景點我也去過！你拍得比我好太多了,2025-11-19 11:00,7,3
creative_mind,靈感滿滿的作品 ✨,2025-11-19 12:30,22,1

